<?xml version="1.0"?>
<doc>
    <assembly>
        <name>ProjectADApi</name>
    </assembly>
    <members>
        <member name="M:ProjectADApi.Controllers.AccountController.Login(ProjectADApi.Contract.V1.Request.LoginRequest)">
            <summary> Logs in a user. </summary>
            
            <remarks> 
             Sample Request: 
                POST api/v1/Login
                  {
                     "Username" : "segun@bluecollar.com",
                     "Password" :  "password"
                  }
            sample Responsw:
                 { 
                   "Success" : true,
                   "Token" : "token string",
                   "ErrorMessage" : "reason for a failed login",
                   "UserId" : "user uniques id",
                   "UserRole" : "the user role"
                 }
            </remarks>
            
        </member>
        <member name="M:ProjectADApi.Controllers.v1.ArticleController.GetAll">
            <summary>Gets all article submitted. This action would be performed by the admin </summary>
            
        </member>
        <member name="M:ProjectADApi.Controllers.v1.ArticleController.ThisArticle(System.Int32)">
            <summary>Gets an article submitted by the id </summary>
            
            <remarks> 
             
            </remarks>
            <param name="id"></param>
            
        </member>
        <member name="M:ProjectADApi.Controllers.v1.ArticleController.Post(ProjectADApi.Contract.V1.Request.ArticleRequest)">
            <summary>Create/Submit new Article </summary> 
            <remarks> 
             Sample Request: 
                POST api/v1/Article
                  {
                    "title": null,
                    "emailAddress": null,
                    "articleBody": null     
                  }
             </remarks>
            
        </member>
        <member name="M:ProjectADApi.Controllers.v1.ArticleController.Put(Api.Database.Model.Article)">
            <summary>Updates an article </summary>
            
            <remarks> 
             
            </remarks>
            <param name="model"></param>
            
        </member>
    </members>
</doc>
